"","bmd","Cavg_dose_a","AF_interTKblood","AF_interTD","TD_var.GSD","AF_intraTD","BE.blood"
"50%",247.192278,0.033305971085579,30.0246465557461,1.0061525256669,2.26601407481175,6.70601315967169,1.22267925837567
"5%",162.15332355,0.013008314766135,12.1082709484558,0.461728416471855,1.9508109897835,4.73305442499799,0.310871177339284
"95%",398.6522422,0.0825881750358336,76.8739088980999,2.18839616663963,2.71555086689539,10.2165555722627,4.58433425102884
