"","bmd","Cavg_dose_a","AF_interTKblood","AF_interTD","TD_var.GSD","AF_intraTD","BE.blood"
"50%",247.192278,0.0144835164436645,69.0440065319638,1.0061525256669,2.26601407481175,6.70601315967169,0.528002407388474
"5%",162.15332355,0.00803584200653223,39.083770383912,0.461728416471855,1.9508109897835,4.73305442499799,0.170296708117648
"95%",398.6522422,0.0255860678323168,124.442466745322,2.18839616663963,2.71555086689539,10.2165555722627,1.61806825945189
