"","bmd","Cavg_dose_a","bmd_blood","AF_interTD","TD_var.GSD","AF_intraTD","BE.blood"
"50%",247.192278,0.0144835164436645,3.58899566530897,1.0061525256669,2.26601407481175,6.70601315967169,0.528002407388474
"5%",162.15332355,0.00803584200653223,1.77162058234681,0.461728416471855,1.9508109897835,4.73305442499799,0.170296708117648
"95%",398.6522422,0.0255860678323168,7.47823302794818,2.18839616663963,2.71555086689539,10.2165555722627,1.61806825945189
