"","bmd","Cavg_dose_a","GM_U_Cavg","U_Cavg_h.GM","AF_interTKurine","AF_interTD","GSD_U_Cavg","TK_var.Cavg_h","TD_var.GSD","Intra.GSD","AF_intraTKTD.be","BE.urine"
"50%",247.192278,0.0144835164436645,9.96865046232655,9.96865046232655,6.66172918162574,1.0061525256669,1.58693662269999,1.58693662269999,2.26601407481175,2.61488612636378,9.35708100776107,3.92534815183746
"5%",162.15332355,0.00803584200653223,6.93072361798636,6.93072361798636,2.39732429744752,0.461728416471855,1.1215976099554,1.1215976099554,1.9508109897835,2.13164308915219,5.81706954782532,1.00194133049656
"95%",398.6522422,0.0255860678323168,26.1859335421409,26.1859335421409,13.6107912080079,2.18839616663963,2.89888014553661,2.89888014553661,2.71555086689539,3.78884398359427,22.1721540567873,16.1127817806118
