"","bmd","Cavg_dose_a","GM_U_Cavg","U_Cavg_h.GM","AF_interTKurine","AF_interTD","GSD_U_Cavg","TK_var.Cavg_h","TD_var.GSD","Intra.GSD","AF_intraTKTD.be","BE.urine"
"50%",247.192278,0.0144835164436645,9.87415410709683,9.87415410709683,6.75994829955718,1.0061525256669,1.55907023905679,1.55907023905679,2.26601407481175,2.59071403300447,9.15709084824864,3.92733936096477
"5%",162.15332355,0.00803584200653223,7.18364483932686,7.18364483932686,2.44126715352886,0.461728416471855,1.12029890989153,1.12029890989153,1.9508109897835,2.12041832367246,5.74605892753609,0.980009350102413
"95%",398.6522422,0.0255860678323168,23.9429662370788,23.9429662370788,13.4848333798898,2.18839616663963,2.73480287763891,2.73480287763891,2.71555086689539,3.80868333548012,22.4431790669055,16.3688858912199
