"","bmd","Cavg_dose_a","GM_U_Cavg","U_Cavg_h.GM","AF_interTKurine","AF_interTD","GSD_U_Cavg","TK_var.Cavg_h","TD_var.GSD","Intra.GSD","AF_intraTKTD.be","BE.urine"
"50%",247.192278,0.033305971085579,9.87415410709683,9.87415410709683,2.88910036657054,1.0061525256669,1.55907023905679,1.55907023905679,2.26601407481175,2.59071403300447,9.15709084824864,8.99238018479324
"5%",162.15332355,0.013008314766135,7.18364483932686,7.18364483932686,0.85894824270917,0.461728416471855,1.12029890989153,1.12029890989153,1.9508109897835,2.12041832367246,5.74605892753609,1.82898561557738
"95%",398.6522422,0.0825881750358336,23.9429662370788,23.9429662370788,8.02827558435867,2.18839616663963,2.73480287763891,2.73480287763891,2.71555086689539,3.80868333548012,22.4431790669055,45.2321639471511
