"","GM_moe","GSD_moe","zran","sigma_intra","MOE_1perc","MOE_ran","z_frac"
"50%",285.569885740314,4.10036316898039,0.0014664653962564,0.96175668679045,10.2909134544182,293.179066054049,-3.96987726276987
"5%",90.2699609320007,3.60123477582324,-1.64009524832667,0.758625013029297,2.83316264027976,20.8396987736766,-5.04365059396098
"95%",1046.3032348296,5.39081638964683,1.64277370730363,1.33118186469187,40.2099817068796,4280.37468239635,-3.00329370983694
