"por","ch","eu","TDI"
6.53,53.82,1.89,"EFSA"
23.32,73.35,10.96,"WHO/IPCS"
0.690000000000002,29.31,0.0800000000000023,"Prob TDI"
