"por","ch","eu","TDI"
6.1,53.42,1.75,"EFSA"
24.2,73.17,11.34,"WHO/IPCS"
0.649999999999995,29.21,0.119999999999998,"Prob TDI"
