"","random","mean","X1.pop","X50.pop","X99.pop"
"50%",-0.000119049436474505,-0.00125341166850269,-0.01935863152309,-0.000131999422698814,-9.10448048928035e-07
"5%",-0.00553979901278264,-0.00399973131642895,-0.0621997615843213,-0.000480978259003306,-3.58639647273667e-06
"95%",-2.96788215919942e-07,-0.000324775460475466,-0.00506218107289412,-6.39287707303597e-06,0
