"","random","mean","X1.pop","X50.pop","X99.pop"
"50%",-1.49454959519346e-08,-0.0015892010307822,-0.00793232824025728,-2.49295284693308e-08,-9.46287492809002e-14
"5%",-0.000190735416140175,-0.00525641742322478,-0.0286802839591569,-1.07195637127911e-07,-4.19662471440319e-13
"95%",-1.30895294603307e-14,-0.00060631395473485,-0.00123350808391042,-2.83142981283293e-11,0
