"","random","mean","X1.pop","X5.pop","X50.pop","X95.pop","X99.pop"
"50%",-0.000116474991159743,-0.000378793736025131,-0.00388010694624183,-0.00144022318881212,-0.000127140382053692,-1.06409130235018e-05,-3.96777412734416e-06
"5%",-0.00206649536693101,-0.00150336037031569,-0.0157665004680006,-0.00575455609313043,-0.000508114058765014,-4.87027216378544e-05,-1.93194000552815e-05
"95%",-7.33944355207909e-07,-5.75438344044845e-05,-0.000726810784576284,-0.000230869087162538,-5.71384815447607e-06,0,0
