"","random","mean","X1.pop","X50.pop","X99.pop"
"50%",-4.83560922751591e-05,-0.000158081084524421,-0.00174181689583914,-5.07211824766762e-05,-1.76631787226877e-06
"5%",-0.0010034154543477,-0.000801246082561536,-0.00920253492041833,-0.00026386163545937,-1.07780253688088e-05
"95%",-1.95018722992658e-07,-2.01146716001195e-05,-0.000267620241820784,-1.53297075673464e-06,0
