"","random","mean","X1.pop","X50.pop","X99.pop"
"50%",-0.000737323290536551,-0.00291535679378152,-0.0340763921171537,-0.000781243882929189,-1.7142601213404e-05
"5%",-0.0168776069104863,-0.0116565464338155,-0.131903741903965,-0.00351521144284595,-8.74501519193354e-05
"95%",-7.62727382171983e-06,-0.000615191522670367,-0.00807117300225001,-5.47302083485441e-05,0
