"","random","mean","X1.pop","X50.pop","X99.pop"
"50%",-0.000866914451551682,-0.00201219520375239,-0.0161968648081923,-0.000910235114577496,-4.74152435023933e-05
"5%",-0.0106537178118208,-0.00764834695157645,-0.0645640418853291,-0.00352159036662707,-0.000235200094819706
"95%",-1.47671576266107e-05,-0.000352626815433294,-0.00331931425851415,-7.1746627974165e-05,0
