"","random","mean","X1.pop","X5.pop","X50.pop","X95.pop","X99.pop"
"50%",-0.000788135734678619,-0.00281939866598443,-0.0308297173056944,-0.0109155627809686,-0.000840995808136207,-6.16145522029794e-05,-2.17523130773172e-05
"5%",-0.0148698704958799,-0.0103071389810958,-0.113459686748136,-0.0409986885176839,-0.00325276221195529,-0.000275804867712377,-0.000104080055231653
"95%",-8.22910993140138e-06,-0.000543758490596618,-0.00655259378824242,-0.00208880623063326,-6.20432190143046e-05,0,0
