"","GM_moe","GSD_moe","zran","sigma_intra","MOE_1perc","MOE_ran","z_frac"
"50%",44.4647718137182,4.41285290919959,-0.00453796155784088,0.961448230164313,1.35148373248965,44.8619028877892,-2.52770798031315
"5%",14.0225107490813,3.90237564658129,-1.65129832691424,0.75795383228486,0.377911840090727,2.85659916345204,-3.472313783422
"95%",162.528179840718,5.75269461076554,1.63390802385499,1.33488513820342,5.25647827688632,737.814536105129,-1.71219259999823
